-- phpMyAdmin SQL Dump
-- version 5.2.1
-- https://www.phpmyadmin.net/
--
-- Host: 127.0.0.1
-- Waktu pembuatan: 21 Jan 2024 pada 13.44
-- Versi server: 10.4.28-MariaDB
-- Versi PHP: 8.2.4

SET SQL_MODE = "NO_AUTO_VALUE_ON_ZERO";
START TRANSACTION;
SET time_zone = "+00:00";


/*!40101 SET @OLD_CHARACTER_SET_CLIENT=@@CHARACTER_SET_CLIENT */;
/*!40101 SET @OLD_CHARACTER_SET_RESULTS=@@CHARACTER_SET_RESULTS */;
/*!40101 SET @OLD_COLLATION_CONNECTION=@@COLLATION_CONNECTION */;
/*!40101 SET NAMES utf8mb4 */;

--
-- Database: `perpus`
--

-- --------------------------------------------------------

--
-- Struktur dari tabel `buku`
--

CREATE TABLE `buku` (
  `id_buku` int(11) NOT NULL,
  `id_kategori` int(11) DEFAULT NULL,
  `judul` varchar(255) DEFAULT NULL,
  `penulis` varchar(255) DEFAULT NULL,
  `penerbit` varchar(255) DEFAULT NULL,
  `tahun_terbit` varchar(255) DEFAULT NULL,
  `deskripsi` text DEFAULT NULL
) ENGINE=InnoDB DEFAULT CHARSET=utf8mb4 COLLATE=utf8mb4_general_ci;

--
-- Dumping data untuk tabel `buku`
--

INSERT INTO `buku` (`id_buku`, `id_kategori`, `judul`, `penulis`, `penerbit`, `tahun_terbit`, `deskripsi`) VALUES
(1, 1, 'Keindahan laut jawa', 'Profesor jawir S.Pd', 'Gramedia', '1450', 'Keindahan yang tersembunyi dari luasnya laut jawa '),
(3, 2, 'IPA', 'suki waterhouse', 'buku pedia', '2018', 'Biologi telah menjadi salah satu ilmu pengetahuan yang memiliki posisi sangat strategis seiring dengan perkembangan zaman. '),
(4, 4, 'si kancil', 'J.K Rowling', 'Ashiap ', '2005', 'si kancil yang pandai menipu'),
(5, 5, 'Jurus Jadi Tampan Ala Ivan Gunawan', 'Ivan Gunawan', 'Jawir Boys', '1999', 'Tutorial untuk menambah paras wajah yang cantik nan jelita dan tampan menawan dari sang mega bintang membahana.');

-- --------------------------------------------------------

--
-- Struktur dari tabel `kategori`
--

CREATE TABLE `kategori` (
  `id_kategori` int(11) NOT NULL,
  `kategori` varchar(255) DEFAULT NULL
) ENGINE=InnoDB DEFAULT CHARSET=utf8mb4 COLLATE=utf8mb4_general_ci;

--
-- Dumping data untuk tabel `kategori`
--

INSERT INTO `kategori` (`id_kategori`, `kategori`) VALUES
(1, 'Novel'),
(2, 'Biologi'),
(4, 'Cerpen'),
(5, 'majalah');

-- --------------------------------------------------------

--
-- Struktur dari tabel `peminjaman`
--

CREATE TABLE `peminjaman` (
  `id_peminjaman` int(11) NOT NULL,
  `id_user` int(11) DEFAULT NULL,
  `id_buku` int(11) DEFAULT NULL,
  `tgl_peminjaman` varchar(255) DEFAULT NULL,
  `tgl_pengembalian` varchar(255) DEFAULT NULL,
  `status_peminjaman` enum('dipinjam','dikembalikan') DEFAULT NULL
) ENGINE=InnoDB DEFAULT CHARSET=utf8mb4 COLLATE=utf8mb4_general_ci;

--
-- Dumping data untuk tabel `peminjaman`
--

INSERT INTO `peminjaman` (`id_peminjaman`, `id_user`, `id_buku`, `tgl_peminjaman`, `tgl_pengembalian`, `status_peminjaman`) VALUES
(2, 4, 1, '2024-01-16', '2024-01-24', 'dikembalikan'),
(4, 4, 3, '2024-01-19', '2024-01-27', 'dipinjam'),
(5, 5, 5, '2024-01-20', '2024-01-25', 'dipinjam');

-- --------------------------------------------------------

--
-- Struktur dari tabel `ulasan`
--

CREATE TABLE `ulasan` (
  `id_ulasan` int(11) NOT NULL,
  `id_user` int(11) DEFAULT NULL,
  `id_buku` int(11) DEFAULT NULL,
  `ulasan` text DEFAULT NULL,
  `rating` int(11) DEFAULT NULL
) ENGINE=InnoDB DEFAULT CHARSET=utf8mb4 COLLATE=utf8mb4_general_ci;

--
-- Dumping data untuk tabel `ulasan`
--

INSERT INTO `ulasan` (`id_ulasan`, `id_user`, `id_buku`, `ulasan`, `rating`) VALUES
(3, 1, 1, 'Bagusss, sangat menghibur', 10),
(4, 1, 3, 'pengetahuan tentang biologinya lengkap', 9),
(5, 5, 5, 'Setelah saya membaca buku ini saya jadi sangat percaya diri untuk menampilkan diri saya di muka umum.', 10);

-- --------------------------------------------------------

--
-- Struktur dari tabel `user`
--

CREATE TABLE `user` (
  `id_user` int(11) NOT NULL,
  `nama` varchar(255) DEFAULT NULL,
  `username` varchar(255) DEFAULT NULL,
  `password` varchar(255) DEFAULT NULL,
  `email` varchar(255) DEFAULT NULL,
  `alamat` text DEFAULT NULL,
  `no_telepon` varchar(255) DEFAULT NULL,
  `level` enum('admin','petugas','peminjam') DEFAULT NULL
) ENGINE=InnoDB DEFAULT CHARSET=utf8mb4 COLLATE=utf8mb4_general_ci;

--
-- Dumping data untuk tabel `user`
--

INSERT INTO `user` (`id_user`, `nama`, `username`, `password`, `email`, `alamat`, `no_telepon`, `level`) VALUES
(1, 'administrator', 'admin', '8a30ec6807f71bc69d096d8e4d501ade', 'admin121@gmail.com', 'Polres', '08085964564', 'admin'),
(2, 'petugas 1', 'petugas', '202cb962ac59075b964b07152d234b70', 'petugas1@gmail.com', 'perumahan harapan indah', '00789080980', 'petugas'),
(3, 'peminjam 1', 'peminjam', '019d385eb67632a7e958e23f24bd07d7', 'peminjam1@gmail.com', 'perumahan kebalen blok g7 nomor 5', '0895758645', 'peminjam'),
(4, 'Rafli Alghafar', 'rafli', '054a3c3033e8f672358b1e159aecc7a7', 'rafli123@gmail.com', 'pondok ungu permai', '08124564289', 'peminjam'),
(5, 'zulfan syahid', 'jul', 'f05c8652de134d5c50729fa1b31d355b', 'julpan@gmail.com', 'kavling ajun', '9890807989', 'peminjam');

--
-- Indexes for dumped tables
--

--
-- Indeks untuk tabel `buku`
--
ALTER TABLE `buku`
  ADD PRIMARY KEY (`id_buku`),
  ADD KEY `id_kategori` (`id_kategori`);

--
-- Indeks untuk tabel `kategori`
--
ALTER TABLE `kategori`
  ADD PRIMARY KEY (`id_kategori`);

--
-- Indeks untuk tabel `peminjaman`
--
ALTER TABLE `peminjaman`
  ADD PRIMARY KEY (`id_peminjaman`),
  ADD KEY `id_user` (`id_user`),
  ADD KEY `id_buku` (`id_buku`);

--
-- Indeks untuk tabel `ulasan`
--
ALTER TABLE `ulasan`
  ADD PRIMARY KEY (`id_ulasan`),
  ADD KEY `id_user` (`id_user`),
  ADD KEY `id_buku` (`id_buku`);

--
-- Indeks untuk tabel `user`
--
ALTER TABLE `user`
  ADD PRIMARY KEY (`id_user`);

--
-- AUTO_INCREMENT untuk tabel yang dibuang
--

--
-- AUTO_INCREMENT untuk tabel `buku`
--
ALTER TABLE `buku`
  MODIFY `id_buku` int(11) NOT NULL AUTO_INCREMENT, AUTO_INCREMENT=6;

--
-- AUTO_INCREMENT untuk tabel `kategori`
--
ALTER TABLE `kategori`
  MODIFY `id_kategori` int(11) NOT NULL AUTO_INCREMENT, AUTO_INCREMENT=6;

--
-- AUTO_INCREMENT untuk tabel `peminjaman`
--
ALTER TABLE `peminjaman`
  MODIFY `id_peminjaman` int(11) NOT NULL AUTO_INCREMENT, AUTO_INCREMENT=6;

--
-- AUTO_INCREMENT untuk tabel `ulasan`
--
ALTER TABLE `ulasan`
  MODIFY `id_ulasan` int(11) NOT NULL AUTO_INCREMENT, AUTO_INCREMENT=6;

--
-- AUTO_INCREMENT untuk tabel `user`
--
ALTER TABLE `user`
  MODIFY `id_user` int(11) NOT NULL AUTO_INCREMENT, AUTO_INCREMENT=6;

--
-- Ketidakleluasaan untuk tabel pelimpahan (Dumped Tables)
--

--
-- Ketidakleluasaan untuk tabel `buku`
--
ALTER TABLE `buku`
  ADD CONSTRAINT `buku_ibfk_1` FOREIGN KEY (`id_kategori`) REFERENCES `kategori` (`id_kategori`);

--
-- Ketidakleluasaan untuk tabel `peminjaman`
--
ALTER TABLE `peminjaman`
  ADD CONSTRAINT `peminjaman_ibfk_1` FOREIGN KEY (`id_user`) REFERENCES `user` (`id_user`),
  ADD CONSTRAINT `peminjaman_ibfk_2` FOREIGN KEY (`id_buku`) REFERENCES `buku` (`id_buku`);

--
-- Ketidakleluasaan untuk tabel `ulasan`
--
ALTER TABLE `ulasan`
  ADD CONSTRAINT `ulasan_ibfk_1` FOREIGN KEY (`id_user`) REFERENCES `user` (`id_user`),
  ADD CONSTRAINT `ulasan_ibfk_2` FOREIGN KEY (`id_buku`) REFERENCES `buku` (`id_buku`);
COMMIT;

/*!40101 SET CHARACTER_SET_CLIENT=@OLD_CHARACTER_SET_CLIENT */;
/*!40101 SET CHARACTER_SET_RESULTS=@OLD_CHARACTER_SET_RESULTS */;
/*!40101 SET COLLATION_CONNECTION=@OLD_COLLATION_CONNECTION */;
